"Language code","Language","App name","Short description","Full description"
"en-US","English (United States)","Mihrab: The Muslim Companion","Prayer times, adhan, the Quran, duas and qibla in one calm, private app.","Mihrab is a calm companion for a Muslim's day: the prayers, the Quran, and the remembrance in between, in one private app.

Hold any word in the mushaf and hear that one word read. Follow the recited word as it lights up on the page. See tajweed in colour, on Hafs and on Warsh. Keep your journal and settings in step between your own devices, with no account and no server. And every line of it is open source.

PRAY
- Prayer times for today, the week and the month ahead — worked out on your phone, from a provider, or from the published national tables for Sweden and Morocco — shareable as an image or a PDF
- The adhan for each prayer, with seventeen recordings or your own, a reminder before it, and snooze
- Silence the phone for the prayer itself, and let it come back on its own
- A pinned countdown to the next prayer on the lock screen and in the notification shade, in three designs
- Qibla compass with signal strength and a cross-check against the sun
- Log each prayer with one tap; the journal keeps the record, the streak and the graph
- Home-screen widgets: prayer times in three sizes, today's log, Hijri date, streak, tasbih and reading

READ AND LISTEN
- The Madinah mushaf, drawn as text from the King Fahd Complex's page fonts and sharp at any size — and Warsh, Qalun and Shu'bah beside it
- Tajweed colours, every rule explained — on Hafs and on Warsh
- The word reader: hold a word to hear it read on its own
- 42 reciters, and for those with word timings, the recited word lit on the page
- Tilawah: surah into surah with the screen off, with a sleep timer and a speed control; it keeps your place and suggests what the sunnah recommends at that hour — Al-Kahf on Friday, Al-Mulk at night
- 13 translations and classical tafsir, kept for offline reading
- Memorisation tools, bookmarks, and khatmah plans that follow the page you are on

REMEMBER
- More than 100 duas from Hisn al-Muslim, with transliteration and translation
- A tasbih counter for the dhikr after prayer and beyond
- A fasting log for Ramadan and the Sunnah fasts, with reminders
- The Hijri calendar with Ramadan, Eid and Jumu'ah, and an ayah of the day

YOURS
- No ads, no analytics, no trackers, no account
- Works offline once your location is set and the pages you want are on the phone
- Sync between your own devices with no account and no server of ours: sealed files in a folder you already keep in sync
- Backup and restore to a file you keep
- Android, iPhone, iPad and Mac, in 13 languages, with Arabic and Urdu fully right-to-left
- Light, dark and pure black, six colour themes, your own accent colour, and Material You

The network is used only when you choose it: a prayer-time provider (AlAdhan, PrayTimes.dev, or the national tables for Sweden and Morocco), place search through OpenStreetMap Nominatim, and downloading Quran pages, translations, tafsir and recitation audio. Your coordinates stay on your device.

Mihrab is open source under AGPL-3.0-or-later."
"ar","Arabic","محراب: رفيق المسلم","مواقيت الصلاة والأذان والقرآن والأدعية والقبلة في تطبيق هادئ يحفظ خصوصيتك.","محراب رفيقٌ هادئ في يوم المسلم: الصلوات، والقرآن الكريم، والذكر فيما بينها، في تطبيق واحد يحفظ خصوصيتك.

اضغط مطوّلًا على أي كلمة في المصحف فتسمعها وحدها. تابع الكلمة المتلوّة وهي تُضيء على الصفحة. شاهد أحكام التجويد بالألوان، لرواية حفص ولرواية ورش. واجعل سجلّك وإعداداتك متزامنة بين أجهزتك أنت، بلا حساب وبلا خادم. وكل سطر من شيفرته مفتوح المصدر.

صلِّ
- مواقيت الصلاة لليوم وللأسبوع وللشهر القادم — تُحسب على هاتفك، أو من مزوّد على الإنترنت، أو من الجداول الوطنية المنشورة للسويد والمغرب — قابلة للمشاركة صورةً أو ملف PDF
- الأذان لكل صلاة، مع سبعة عشر تسجيلًا أو تسجيل من عندك، وتذكير قبل الوقت، وتأجيل
- أسكت الهاتف وقت الصلاة نفسها، ثم يعود صوته تلقائيًا بعدها
- عدّ تنازلي مثبّت للصلاة القادمة على شاشة القفل وفي شريط الإشعارات، بثلاثة تصاميم
- بوصلة قبلة مع قوة الإشارة ومراجعة عبر الشمس
- سجّل كل صلاة بضغطة واحدة؛ ويحفظ السجلّ المواظبة والتتابع والرسم البياني
- ودجات للشاشة الرئيسية: مواقيت بثلاثة أحجام، وسجلّ اليوم، والتاريخ الهجري، والمواظبة، والتسبيح، والقراءة

اقرأ واستمع
- المصحف المدني، مرسومًا نصًّا من خطوط صفحات مجمع الملك فهد وواضحًا بأي حجم — ومعه روايات ورش وقالون وشعبة
- ألوان التجويد مع شرح كل حكم — لرواية حفص ولرواية ورش
- قارئ الكلمات: اضغط مطوّلًا على كلمة لتسمعها تُقرأ وحدها
- 42 قارئًا، ولمن تتوفّر لتلاوته توقيتات الكلمات تُضيء الكلمة المتلوّة على الصفحة
- التلاوة: سورة بعد سورة والشاشة مطفأة، مع مؤقّت نوم وتحكّم في السرعة؛ وتحفظ موضعك، وتقترح ما تستحبّه السنّة في تلك الساعة — الكهف يوم الجمعة، والملك في الليل
- 13 ترجمة وتفاسير كلاسيكية، محفوظة للقراءة دون اتصال
- أدوات للحفظ، وعلامات، وخطط ختمة تتبع الصفحة التي أنت عليها

اذكر
- أكثر من 100 دعاء من حصن المسلم، مع النطق بالحروف اللاتينية والترجمة
- عدّاد تسبيح لأذكار ما بعد الصلاة وما سواها
- متابعة الصيام لرمضان وصيام السنّة، مع التذكير
- التقويم الهجري برمضان والعيد والجمعة، وآية اليوم

لك وحدك
- بلا إعلانات، بلا تحليلات، بلا متتبّعات، بلا حساب
- يعمل دون اتصال بمجرد تحديد موقعك ووجود الصفحات التي تريدها على الهاتف
- مزامنة بين أجهزتك أنت بلا حساب وبلا خادم لنا: ملفات مختومة داخل مجلد تزامنه أصلًا
- نسخ احتياطي واستعادة إلى ملف تحتفظ به أنت
- أندرويد والآيفون والآيباد والماك، بثلاث عشرة لغة، والعربية والأردية من اليمين إلى اليسار بالكامل
- فاتح وداكن وأسود تمامًا، وست سمات لونية، ولون مميّز تختاره، ودعم Material You

لا تُستخدم الشبكة إلا حين تختار ذلك: مزوّد للمواقيت (AlAdhan، أو PrayTimes.dev، أو الجداول الوطنية للسويد والمغرب)، والبحث عن الأماكن عبر OpenStreetMap Nominatim، وتنزيل صفحات القرآن والترجمات والتفاسير وتسجيلات التلاوة. وإحداثياتك تبقى على جهازك.

محراب مفتوح المصدر برخصة AGPL-3.0-or-later."
"bn-BD","Bengali","মিহরাব: মুসলিমের সঙ্গী","নামাজের সময়, আজান, কুরআন, দোয়া ও কিবলা — এক শান্ত, ব্যক্তিগত অ্যাপে।","মিহরাব একজন মুসলিমের দিনের শান্ত সঙ্গী: নামাজ, কুরআন এবং এর মাঝের জিকির — একটি ব্যক্তিগত অ্যাপে।

মুসহাফের যেকোনো শব্দ চেপে ধরে রাখুন আর শুধু সেই শব্দের তিলাওয়াত শুনুন। পড়া হচ্ছে এমন শব্দটি পাতায় জ্বলে ওঠে, সহজেই অনুসরণ করা যায়। রঙে তাজবিদ দেখুন, হাফস ও ওয়ারশ দুটিতেই। আপনার নিজের ডিভাইসগুলোর মধ্যে ডায়েরি ও সেটিংস একই রাখুন — অ্যাকাউন্ট ছাড়া, সার্ভার ছাড়া। আর এর প্রতিটি লাইন ওপেন সোর্স।

নামাজ
- আজ, এই সপ্তাহ ও সামনের মাসের নামাজের সময় — ফোনেই হিসাব, কোনো সরবরাহকারী থেকে, অথবা সুইডেন ও মরক্কোর প্রকাশিত জাতীয় তালিকা থেকে — ছবি বা PDF হিসেবে শেয়ার করা যায়
- প্রতিটি নামাজের আজান: সতেরোটি রেকর্ডিং বা আপনার নিজেরটি, আগে থেকে মনে করিয়ে দেওয়া এবং স্নুজ
- নামাজের সময় ফোন নীরব করুন, পরে শব্দ নিজে থেকেই ফিরে আসবে
- লক স্ক্রিন ও নোটিফিকেশন প্যানেলে পরের নামাজ পর্যন্ত পিন করা কাউন্টডাউন, তিনটি ডিজাইনে
- সিগন্যালের শক্তি ও সূর্যের সঙ্গে মিলিয়ে দেখার সুবিধাসহ কিবলা কম্পাস
- এক ট্যাপে প্রতিটি নামাজ লিখে রাখুন; ডায়েরি রাখে রেকর্ড, ধারাবাহিকতা ও গ্রাফ
- হোম স্ক্রিন উইজেট: তিন আকারে নামাজের সময়, আজকের রেকর্ড, হিজরি তারিখ, ধারাবাহিকতা, তাসবিহ ও পড়া

পড়ুন ও শুনুন
- মদিনার মুসহাফ, বাদশাহ ফাহাদ কমপ্লেক্সের পাতার ফন্ট থেকে লেখা হিসেবে আঁকা এবং যেকোনো আকারে স্পষ্ট — পাশে ওয়ারশ, কালুন ও শু'বা
- তাজবিদের রং, প্রতিটি নিয়মের ব্যাখ্যাসহ — হাফস ও ওয়ারশে
- শব্দ-পাঠক: একটি শব্দ চেপে ধরে রাখুন, আলাদাভাবে শুনুন
- ৪২ জন কারী; যাঁদের শব্দভিত্তিক সময় আছে, তাঁদের পড়ার সময় শব্দটি পাতায় জ্বলে ওঠে
- তিলাওয়াত: স্ক্রিন বন্ধ রেখেও সূরার পর সূরা, স্লিপ টাইমার ও গতি নিয়ন্ত্রণসহ; আপনি কোথায় ছিলেন তা মনে রাখে এবং সেই সময়ে সুন্নাহ যা পড়তে উৎসাহ দেয় তা প্রস্তাব করে — জুমায় আল-কাহফ, রাতে আল-মুলক
- ১৩টি অনুবাদ ও ক্লাসিক তাফসির, অফলাইনেও পড়া যায়
- মুখস্থ করার সরঞ্জাম, বুকমার্ক এবং আপনি যে পাতায় আছেন তা অনুসরণ করা খতমের পরিকল্পনা

জিকির
- হিসনুল মুসলিম থেকে ১০০টিরও বেশি দোয়া, উচ্চারণ ও অনুবাদসহ
- নামাজের পরের ও সবসময়ের জিকিরের জন্য তাসবিহ কাউন্টার
- রমজান ও সুন্নত রোজার জন্য রিমাইন্ডারসহ রোজার রেকর্ড
- রমজান, ঈদ ও জুমার চিহ্নসহ হিজরি ক্যালেন্ডার, এবং দিনের আয়াত

আপনার নিজের
- বিজ্ঞাপন নেই, অ্যানালিটিক্স নেই, ট্র্যাকার নেই, অ্যাকাউন্ট নেই
- লোকেশন ঠিক করা হলে ও দরকারি পাতাগুলো ফোনে থাকলে অফলাইনে চলে
- অ্যাকাউন্ট ছাড়া এবং আমাদের কোনো সার্ভার ছাড়া আপনার নিজের ডিভাইসগুলোর মধ্যে সিঙ্ক: যে ফোল্ডার আপনি আগেই সিঙ্ক করেন, তাতে সিল করা ফাইল
- আপনার রাখা ফাইলে ব্যাকআপ ও রিস্টোর
- অ্যান্ড্রয়েড, আইফোন, আইপ্যাড ও ম্যাকে, ১৩টি ভাষায়, আরবি ও উর্দু সম্পূর্ণ ডান থেকে বামে
- লাইট, ডার্ক ও গাঢ় কালো থিম, ছয়টি রঙের থিম, আপনার পছন্দের অ্যাকসেন্ট রং এবং Material You

নেটওয়ার্ক ব্যবহার হয় শুধু আপনি চাইলে: নামাজের সময়ের সরবরাহকারী (AlAdhan, PrayTimes.dev, অথবা সুইডেন ও মরক্কোর জাতীয় তালিকা), OpenStreetMap Nominatim দিয়ে জায়গা খোঁজা, এবং কুরআনের পাতা, অনুবাদ, তাফসির ও তিলাওয়াতের অডিও ডাউনলোড। আপনার অবস্থানের তথ্য আপনার ডিভাইসেই থাকে।

মিহরাব AGPL-3.0-or-later লাইসেন্সে ওপেন সোর্স।"
"de-DE","German","Mihrab: Begleiter für Muslime","Gebetszeiten, Adhan, Koran, Duas und Qibla in einer ruhigen, privaten App.","Mihrab ist ein ruhiger Begleiter für den Tag eines Muslims: die Gebete, der Koran und das Gedenken dazwischen – in einer App, die privat bleibt.

Halte ein Wort im Mushaf gedrückt und hör genau dieses Wort vorgelesen. Folge dem rezitierten Wort, während es auf der Seite aufleuchtet. Sieh Tadschwid in Farbe, in Hafs und in Warsch. Halte Tagebuch und Einstellungen zwischen deinen eigenen Geräten abgeglichen – ohne Konto und ohne Server. Und jede Zeile davon ist Open Source.

BETEN
- Gebetszeiten für heute, die Woche und den kommenden Monat – auf dem Gerät berechnet, von einem Anbieter oder aus den veröffentlichten Landestabellen für Schweden und Marokko – als Bild oder PDF teilbar
- Der Adhan zu jedem Gebet, mit siebzehn Aufnahmen oder deiner eigenen, einer Erinnerung davor und Schlummern
- Das Telefon für das Gebet selbst stummschalten und den Ton danach von selbst zurückkommen lassen
- Ein angehefteter Countdown zum nächsten Gebet auf dem Sperrbildschirm und in der Benachrichtigungsleiste, in drei Designs
- Qibla-Kompass mit Signalstärke und einem Abgleich mit der Sonne
- Jedes Gebet mit einem Tippen eintragen; das Tagebuch führt Verlauf, Serie und Diagramm
- Widgets für den Startbildschirm: Gebetszeiten in drei Größen, der heutige Eintrag, Hidschri-Datum, Serie, Tasbih und Lesen

LESEN UND HÖREN
- Der Madinah-Mushaf, als Text aus den Seitenschriften des König-Fahd-Komplexes gesetzt und in jeder Größe scharf – dazu Warsch, Qalun und Schu'ba
- Tadschwid-Farben, jede Regel erklärt – in Hafs und in Warsch
- Der Wortleser: ein Wort gedrückt halten und es allein vorgelesen hören
- 42 Rezitatoren, und bei denen mit Wort-Zeitmarken leuchtet das rezitierte Wort auf der Seite
- Tilawa: Sure für Sure bei ausgeschaltetem Bildschirm, mit Schlaftimer und Geschwindigkeitsregler; sie merkt sich, wo du warst, und schlägt vor, was die Sunna zu dieser Stunde empfiehlt – al-Kahf am Freitag, al-Mulk in der Nacht
- 13 Übersetzungen und klassischer Tafsir, auch offline lesbar
- Hilfen zum Auswendiglernen, Lesezeichen und Khatma-Pläne, die der aufgeschlagenen Seite folgen

GEDENKEN
- Mehr als 100 Duas aus Hisn al-Muslim, mit Umschrift und Übersetzung
- Ein Tasbih-Zähler für den Dhikr nach dem Gebet und darüber hinaus
- Ein Fastenprotokoll für Ramadan und die Sunnah-Fasten, mit Erinnerungen
- Der Hidschri-Kalender mit Ramadan, Eid und Dschumu'a, und ein Vers des Tages

DEINS
- Keine Werbung, keine Analyse, keine Tracker, kein Konto
- Funktioniert offline, sobald dein Standort gesetzt ist und die gewünschten Seiten auf dem Gerät sind
- Abgleich zwischen deinen eigenen Geräten ohne Konto und ohne einen Server von uns: versiegelte Dateien in einem Ordner, den du ohnehin synchron hältst
- Sicherung und Wiederherstellung in eine Datei, die du behältst
- Android, iPhone, iPad und Mac, in 13 Sprachen, Arabisch und Urdu vollständig von rechts nach links
- Hell, dunkel und tiefschwarz, sechs Farbthemen, deine eigene Akzentfarbe und Material You

Das Netz wird nur genutzt, wenn du es wählst: ein Anbieter für Gebetszeiten (AlAdhan, PrayTimes.dev oder die Landestabellen für Schweden und Marokko), die Ortssuche über OpenStreetMap Nominatim und das Herunterladen von Koranseiten, Übersetzungen, Tafsir und Rezitationen. Deine Koordinaten bleiben auf deinem Gerät.

Mihrab ist Open Source unter AGPL-3.0-or-later."
"es-ES","Spanish","Mihrab: compañero musulmán","Horarios de oración, adhan, Corán, duas y alquibla en una app serena y privada.","Mihrab es un compañero sereno para el día de un musulmán: las oraciones, el Corán y el recuerdo de Dios entre ellas, en una sola app privada.

Mantén pulsada cualquier palabra del mushaf y oirás esa palabra recitada. Sigue la palabra recitada mientras se ilumina en la página. Mira el tajwid en color, en Hafs y en Warsh. Mantén tu diario y tus ajustes al día entre tus propios dispositivos, sin cuenta y sin servidor. Y cada línea es de código abierto.

REZAR
- Horarios de oración para hoy, la semana y el mes siguiente —calculados en tu teléfono, obtenidos de un proveedor o de las tablas nacionales publicadas de Suecia y Marruecos—, que puedes compartir como imagen o PDF
- El adhan de cada oración, con diecisiete grabaciones o la tuya propia, un aviso previo y posponer
- Silencia el teléfono durante la oración y deja que el sonido vuelva solo
- Una cuenta atrás fija hasta la próxima oración en la pantalla de bloqueo y en el panel de notificaciones, con tres diseños
- Brújula de la alquibla con intensidad de la señal y una comprobación con el sol
- Registra cada oración con un toque; el diario guarda el historial, la racha y el gráfico
- Widgets de la pantalla de inicio: horarios en tres tamaños, el registro de hoy, fecha de la Hégira, racha, tasbih y lectura

LEER Y ESCUCHAR
- El mushaf de Medina, trazado como texto con las fuentes de página del Complejo Rey Fahd y nítido a cualquier tamaño, junto con Warsh, Qalun y Shu'bah
- Colores de tajwid, con cada regla explicada, en Hafs y en Warsh
- El lector de palabras: mantén pulsada una palabra para oírla sola
- 42 recitadores y, en los que tienen tiempos por palabra, la palabra recitada iluminada en la página
- Tilawa: sura tras sura con la pantalla apagada, con temporizador y control de velocidad; recuerda dónde te quedaste y sugiere lo que la sunna recomienda a esa hora: al-Kahf el viernes, al-Mulk por la noche
- 13 traducciones y tafsir clásico, disponibles sin conexión
- Herramientas de memorización, marcadores y planes de jatma que siguen la página en la que estás

RECORDAR
- Más de 100 duas del Hisn al-Muslim, con transliteración y traducción
- Un contador de tasbih para el dhikr después de la oración y más allá
- Un registro de ayunos para Ramadán y los ayunos de la Sunna, con recordatorios
- El calendario de la Hégira con Ramadán, Eid y Yumu'a, y una aleya del día

TUYO
- Sin anuncios, sin analíticas, sin rastreadores, sin cuenta
- Funciona sin conexión una vez fijada tu ubicación y descargadas las páginas que quieras
- Sincronización entre tus propios dispositivos sin cuenta y sin ningún servidor nuestro: archivos sellados en una carpeta que ya mantienes sincronizada
- Copia de seguridad y restauración en un archivo que conservas tú
- Android, iPhone, iPad y Mac, en 13 idiomas, con árabe y urdu totalmente de derecha a izquierda
- Claro, oscuro y negro puro, seis temas de color, tu propio color de acento y Material You

La red solo se usa cuando tú lo eliges: un proveedor de horarios (AlAdhan, PrayTimes.dev o las tablas nacionales de Suecia y Marruecos), la búsqueda de lugares con OpenStreetMap Nominatim y la descarga de páginas del Corán, traducciones, tafsir y audio de recitación. Tus coordenadas se quedan en tu dispositivo.

Mihrab es de código abierto con licencia AGPL-3.0-or-later."
"fr-FR","French","Mihrab : compagnon du musulman","Heures de prière, adhan, Coran, douas et qibla dans une app sereine et privée.","Mihrab est un compagnon serein pour la journée d'un musulman : les prières, le Coran et le rappel d'Allah entre les deux, dans une seule app privée.

Maintenez n'importe quel mot du mushaf et entendez ce seul mot récité. Suivez le mot récité qui s'allume sur la page. Voyez le tajwid en couleur, en Hafs et en Warsh. Gardez votre journal et vos réglages à jour entre vos propres appareils, sans compte et sans serveur. Et chaque ligne du code est open source.

PRIER
- Les heures de prière du jour, de la semaine et du mois à venir — calculées sur votre téléphone, fournies par un service ou tirées des tables nationales publiées pour la Suède et le Maroc — à partager en image ou en PDF
- L'adhan de chaque prière, avec dix-sept enregistrements ou le vôtre, un rappel avant et le report
- Le téléphone en silence pour la prière elle-même, et le son qui revient tout seul
- Un compte à rebours épinglé jusqu'à la prochaine prière, sur l'écran de verrouillage et dans le volet des notifications, en trois designs
- Une boussole de qibla avec la force du signal et une vérification par le soleil
- Notez chaque prière d'un geste ; le journal garde l'historique, la série et le graphique
- Des widgets pour l'écran d'accueil : heures de prière en trois tailles, le journal du jour, la date hégirienne, la série, le tasbih et la lecture

LIRE ET ÉCOUTER
- Le mushaf de Médine, composé en texte à partir des polices de page du Complexe du Roi Fahd et net à toute taille — avec Warsh, Qalun et Shu'bah
- Les couleurs du tajwid, chaque règle expliquée — en Hafs et en Warsh
- Le lecteur de mots : maintenez un mot pour l'entendre seul
- 42 récitateurs et, pour ceux qui ont des repères par mot, le mot récité éclairé sur la page
- Tilawa : sourate après sourate écran éteint, avec minuterie de sommeil et réglage de la vitesse ; elle garde votre place et propose ce que la sunna recommande à cette heure : al-Kahf le vendredi, al-Mulk la nuit
- 13 traductions et des tafsirs classiques, lisibles hors ligne
- Des outils de mémorisation, des signets et des plans de khatma qui suivent la page où vous êtes

SE SOUVENIR
- Plus de 100 douas du Hisn al-Muslim, avec translittération et traduction
- Un compteur de tasbih pour le dhikr après la prière et au-delà
- Un suivi du jeûne pour le Ramadan et les jeûnes de la Sunna, avec rappels
- Le calendrier hégirien avec le Ramadan, l'Aïd et le Joumou'a, et un verset du jour

À VOUS
- Pas de publicité, pas d'analyse, pas de traceurs, pas de compte
- Fonctionne hors ligne une fois votre position définie et les pages voulues sur le téléphone
- Synchronisation entre vos propres appareils sans compte et sans aucun serveur à nous : des fichiers scellés dans un dossier que vous synchronisez déjà
- Sauvegarde et restauration dans un fichier que vous gardez
- Android, iPhone, iPad et Mac, en 13 langues, dont l'arabe et l'ourdou entièrement de droite à gauche
- Clair, sombre et noir pur, six thèmes de couleur, votre couleur d'accent et Material You

Le réseau n'est utilisé que lorsque vous le choisissez : un service d'heures de prière (AlAdhan, PrayTimes.dev ou les tables nationales de la Suède et du Maroc), la recherche de lieux via OpenStreetMap Nominatim, et le téléchargement des pages du Coran, des traductions, des tafsirs et des récitations. Vos coordonnées restent sur votre appareil.

Mihrab est open source sous licence AGPL-3.0-or-later."
"hi-IN","Hindi","मिहराब: मुसलमान का साथी","नमाज़ का समय, अज़ान, क़ुरआन, दुआ और क़िबला — एक शांत, निजी ऐप में।","मिहराब एक मुसलमान के दिन का शांत साथी है: नमाज़ें, क़ुरआन और उनके बीच का ज़िक्र — एक ही निजी ऐप में।

मुसहफ़ में किसी भी शब्द को दबाए रखें और सिर्फ़ उसी शब्द की तिलावत सुनें। पढ़ा जा रहा शब्द पन्ने पर चमकता है, ताकि आप साथ-साथ चल सकें। तजवीद को रंगों में देखें, हफ़्स और वर्श दोनों में। अपनी डायरी और सेटिंग्स को अपने ही डिवाइसों के बीच एक जैसा रखें — बिना अकाउंट और बिना सर्वर के। और इसकी हर पंक्ति ओपन सोर्स है।

नमाज़
- आज, इस हफ़्ते और आने वाले महीने के नमाज़ के समय — फ़ोन पर गणना, किसी प्रदाता से, या स्वीडन और मोरक्को की प्रकाशित राष्ट्रीय तालिकाओं से — तस्वीर या PDF के रूप में साझा करें
- हर नमाज़ के लिए अज़ान: सत्रह रिकॉर्डिंग या आपकी अपनी, पहले से याद दिलाना और स्नूज़
- नमाज़ के दौरान फ़ोन को ख़ामोश करें, और फिर आवाज़ अपने आप लौट आए
- अगली नमाज़ तक की पिन की हुई उलटी गिनती, लॉक स्क्रीन और नोटिफ़िकेशन पैनल में, तीन डिज़ाइनों में
- सिग्नल की ताक़त और सूरज से मिलान के साथ क़िबला कम्पास
- हर नमाज़ एक टैप में दर्ज करें; डायरी रिकॉर्ड, सिलसिला और ग्राफ़ रखती है
- होम स्क्रीन विजेट: तीन आकारों में नमाज़ के समय, आज का रिकॉर्ड, हिजरी तारीख़, सिलसिला, तस्बीह और पढ़ाई

पढ़ें और सुनें
- मदीना मुसहफ़, शाह फ़हद कॉम्प्लेक्स के पेज फ़ॉन्ट से टेक्स्ट के रूप में बना और हर आकार में साफ़ — साथ में वर्श, क़ालून और शुअबा
- तजवीद के रंग, हर नियम की व्याख्या के साथ — हफ़्स और वर्श में
- शब्द-पाठक: किसी शब्द को दबाए रखें और उसे अकेले सुनें
- 42 क़ारी; जिनके शब्द-दर-शब्द समय उपलब्ध हैं, उनमें पढ़ा जा रहा शब्द पन्ने पर चमकता है
- तिलावत: स्क्रीन बंद होने पर भी सूरह के बाद सूरह, स्लीप टाइमर और गति नियंत्रण के साथ; यह आपकी जगह याद रखती है और बताती है कि उस समय सुन्नत क्या पढ़ने की सलाह देती है — जुमा को अल-कहफ़, रात को अल-मुल्क
- 13 अनुवाद और क्लासिकल तफ़सीर, ऑफ़लाइन भी
- हिफ़्ज़ के औज़ार, बुकमार्क और ख़त्म की योजनाएँ जो आपके खुले पन्ने के साथ चलती हैं

याद करें
- हिस्नुल मुस्लिम से 100 से ज़्यादा दुआएँ, लिप्यंतरण और अनुवाद के साथ
- नमाज़ के बाद और हर समय ज़िक्र के लिए तस्बीह काउंटर
- रमज़ान और सुन्नत रोज़ों के लिए रिमाइंडर के साथ रोज़ों का रिकॉर्ड
- रमज़ान, ईद और जुमे के साथ हिजरी कैलेंडर, और आज की आयत

आपका अपना
- न विज्ञापन, न एनालिटिक्स, न ट्रैकर, न अकाउंट
- लोकेशन सेट होने और मनचाहे पन्ने फ़ोन पर आ जाने के बाद ऑफ़लाइन काम करता है
- बिना अकाउंट और बिना हमारे किसी सर्वर के, आपके अपने डिवाइसों के बीच सिंक: उस फ़ोल्डर में सीलबंद फ़ाइलें जिसे आप पहले से सिंक करते हैं
- अपनी रखी फ़ाइल में बैकअप और रीस्टोर
- Android, iPhone, iPad और Mac पर, 13 भाषाओं में, अरबी और उर्दू पूरी तरह दाएँ से बाएँ
- लाइट, डार्क और गहरी काली थीम, छह रंग-थीम, आपका अपना एक्सेंट रंग और Material You

नेटवर्क का इस्तेमाल सिर्फ़ तब होता है जब आप चुनते हैं: नमाज़ के समय का प्रदाता (AlAdhan, PrayTimes.dev, या स्वीडन और मोरक्को की राष्ट्रीय तालिकाएँ), OpenStreetMap Nominatim से जगह की खोज, और क़ुरआन के पन्ने, अनुवाद, तफ़सीर और तिलावत का ऑडियो डाउनलोड करना। आपके निर्देशांक आपके डिवाइस पर ही रहते हैं।

मिहराब AGPL-3.0-or-later के तहत ओपन सोर्स है।"
"id","Indonesian","Mihrab: Pendamping Muslim","Jadwal sholat, adzan, Al-Quran, doa & kiblat dalam satu aplikasi yang privat.","Mihrab adalah pendamping yang tenang bagi hari seorang Muslim: sholat, Al-Quran, dan dzikir di antaranya, dalam satu aplikasi yang menjaga privasi.

Tahan kata apa pun di mushaf dan dengarkan kata itu dibacakan. Ikuti kata yang sedang dibaca saat menyala di halaman. Lihat tajwid berwarna, pada Hafs dan Warsy. Jaga catatan dan pengaturan tetap selaras di antara perangkat Anda sendiri, tanpa akun dan tanpa server. Dan setiap barisnya bersumber terbuka.

SHOLAT
- Jadwal sholat hari ini, sepekan, dan sebulan ke depan — dihitung di ponsel, dari penyedia, atau dari tabel nasional resmi Swedia dan Maroko — dapat dibagikan sebagai gambar atau PDF
- Adzan untuk setiap waktu sholat, dengan tujuh belas rekaman atau rekaman Anda sendiri, pengingat sebelumnya, dan tunda
- Senyapkan ponsel selama sholat, lalu suaranya kembali dengan sendirinya
- Hitung mundur yang disematkan ke sholat berikutnya di layar kunci dan panel notifikasi, dalam tiga desain
- Kompas kiblat dengan kekuatan sinyal dan pengecekan silang terhadap matahari
- Catat setiap sholat dengan satu ketukan; jurnal menyimpan riwayat, rangkaian, dan grafiknya
- Widget layar utama: jadwal sholat dalam tiga ukuran, catatan hari ini, tanggal Hijriah, rangkaian, tasbih, dan bacaan

MEMBACA DAN MENDENGAR
- Mushaf Madinah, disusun sebagai teks dari fon halaman Kompleks Raja Fahd dan tajam di ukuran apa pun — beserta Warsy, Qalun, dan Syu'bah
- Warna tajwid, setiap hukum dijelaskan — pada Hafs dan Warsy
- Pembaca kata: tahan satu kata untuk mendengarnya dibaca sendiri
- 42 qari, dan pada qari yang memiliki penanda waktu per kata, kata yang dibaca menyala di halaman
- Tilawah: surah demi surah dengan layar mati, dengan pengatur waktu tidur dan kendali kecepatan; mengingat posisi Anda dan menyarankan bacaan yang dianjurkan sunnah pada jam itu — Al-Kahf di hari Jumat, Al-Mulk di malam hari
- 13 terjemahan dan tafsir klasik, bisa dibaca tanpa internet
- Alat bantu hafalan, penanda, dan rencana khatam yang mengikuti halaman yang sedang Anda baca

MENGINGAT
- Lebih dari 100 doa dari Hisnul Muslim, dengan transliterasi dan terjemahan
- Penghitung tasbih untuk dzikir setelah sholat dan seterusnya
- Catatan puasa untuk Ramadhan dan puasa sunnah, dengan pengingat
- Kalender Hijriah dengan Ramadhan, Idul Fitri, Idul Adha, dan Jumat, serta ayat hari ini

MILIK ANDA
- Tanpa iklan, tanpa analitik, tanpa pelacak, tanpa akun
- Berfungsi tanpa internet setelah lokasi diatur dan halaman yang Anda inginkan ada di ponsel
- Sinkronisasi antarperangkat Anda sendiri tanpa akun dan tanpa server kami: berkas tersegel di folder yang memang sudah Anda sinkronkan
- Cadangkan dan pulihkan ke berkas yang Anda simpan
- Android, iPhone, iPad, dan Mac, dalam 13 bahasa, dengan bahasa Arab dan Urdu sepenuhnya dari kanan ke kiri
- Tema terang, gelap, dan hitam pekat, enam tema warna, warna aksen pilihan Anda, dan Material You

Jaringan hanya digunakan saat Anda memilihnya: penyedia jadwal sholat (AlAdhan, PrayTimes.dev, atau tabel nasional Swedia dan Maroko), pencarian tempat melalui OpenStreetMap Nominatim, serta pengunduhan halaman Al-Quran, terjemahan, tafsir, dan audio tilawah. Koordinat Anda tetap di perangkat Anda.

Mihrab bersumber terbuka dengan lisensi AGPL-3.0-or-later."
"ru-RU","Russian","Mihrab: Спутник мусульманина","Время намазов, азан, Коран, дуа и кибла в одном тихом и приватном приложении.","Mihrab — спокойный спутник мусульманина на весь день: намазы, Коран и поминание Аллаха между ними, в одном приложении, которое бережёт вашу приватность.

Удерживайте любое слово в мусхафе — и услышите, как читается именно это слово. Следите за читаемым словом, которое подсвечивается на странице. Смотрите таджвид в цвете — в мусхафах Хафса и Варша. Журнал и настройки синхронизируются между вашими собственными устройствами без аккаунта и без сервера. И весь код приложения открыт.

НАМАЗ
- Время намазов на сегодня, на неделю и на месяц вперёд — рассчитанное на телефоне, полученное от поставщика или из опубликованных национальных таблиц Швеции и Марокко; можно поделиться картинкой или PDF
- Азан для каждого намаза: семнадцать записей или ваша собственная, напоминание заранее и повтор позже
- Беззвучный режим на время самого намаза, который выключается сам
- Закреплённый отсчёт до следующего намаза на экране блокировки и в шторке уведомлений, в трёх вариантах
- Компас киблы с силой сигнала и проверкой по положению солнца
- Отметка каждого намаза одним касанием; журнал хранит записи, серию и график
- Виджеты рабочего стола: время намазов в трёх размерах, журнал дня, дата по хиджре, серия, тасбих и чтение

ЧТЕНИЕ И ПРОСЛУШИВАНИЕ
- Мединский мусхаф, отрисованный текстом по постраничным шрифтам Комплекса короля Фахда и чёткий в любом размере, — а рядом риваяты Варша, Калюна и Шу'бы
- Цвета таджвида с объяснением каждого правила — для Хафса и Варша
- Озвучивание слов: удерживайте слово, чтобы услышать его отдельно
- 42 чтеца, а у чтецов с разметкой слов — подсветка читаемого слова на странице
- Тиляват: сура за сурой при выключенном экране, с таймером сна и регулировкой скорости; запоминает, где вы остановились, и предлагает то, что сунна советует читать в этот час, — аль-Кахф в пятницу, аль-Мульк ночью
- 13 переводов и классические тафсиры, доступные офлайн
- Инструменты заучивания, закладки и планы хатмы, которые следуют за страницей, где вы находитесь

ПОМИНАНИЕ
- Более 100 дуа из «Хисн аль-Муслим» с транскрипцией и переводом
- Счётчик тасбиха для зикра после намаза и не только
- Учёт поста в Рамадан и желательных постов (сунна) с напоминаниями
- Календарь по хиджре с Рамаданом, праздниками и джумой, а также аят дня

ТОЛЬКО ВАШЕ
- Без рекламы, аналитики, трекеров и аккаунта
- Работает офлайн, как только задано местоположение и нужные страницы загружены на телефон
- Синхронизация между вашими собственными устройствами без аккаунта и без нашего сервера: запечатанные файлы в папке, которую вы и так синхронизируете
- Резервная копия и восстановление в файл, который остаётся у вас
- Android, iPhone, iPad и Mac, 13 языков, арабский и урду полностью справа налево
- Светлая, тёмная и чёрная темы, шесть цветовых тем, ваш цвет акцента и Material You

Сеть используется только тогда, когда вы этого хотите: поставщик времени намазов (AlAdhan, PrayTimes.dev или национальные таблицы Швеции и Марокко), поиск мест через OpenStreetMap Nominatim и загрузка страниц Корана, переводов, тафсиров и аудиозаписей чтения. Ваши координаты остаются на вашем устройстве.

Mihrab — приложение с открытым исходным кодом под лицензией AGPL-3.0-or-later."
"sv-SE","Swedish","Mihrab: Muslimens följeslagare","Bönetider, böneutrop, Koranen, duor och qibla i en lugn och privat app.","Mihrab är en lugn följeslagare genom muslimens dag: bönerna, Koranen och åminnelsen däremellan, i en och samma privata app.

Håll fingret på ett ord i mushafen och hör just det ordet läsas. Följ det reciterade ordet när det lyser upp på sidan. Se tajwid i färg, för Hafs och för Warsh. Håll din loggbok och dina inställningar i takt mellan dina egna enheter, utan konto och utan server. Och varenda rad kod är öppen.

BE
- Bönetider för idag, veckan och månaden framåt — uträknade på telefonen, från en källa på nätet eller ur de publicerade nationella tabellerna för Sverige och Marocko — kan delas som bild eller PDF
- Böneutrop för varje bön, med sjutton adhan-inspelningar eller en egen, påminnelse före bönen och snooze
- Tysta telefonen under själva bönen och låt ljudet komma tillbaka av sig självt
- En fastnålad nedräkning till nästa bön på låsskärmen och i aviseringspanelen, i tre utföranden
- Qiblakompass med signalstyrka och en kontroll mot solen
- Logga varje bön med ett tryck; loggboken håller reda på raden, sviten och grafen
- Widgetar på hemskärmen: bönetider i tre storlekar, dagens logg, hijridatum, svit, tasbih och läsning

LÄS OCH LYSSNA
- Medinamushafen, ritad som text ur Kung Fahd-komplexets sidtypsnitt och skarp i alla storlekar — och Warsh, Qalun och Shu'bah bredvid
- Tajwidfärger där varje regel förklaras — för Hafs och för Warsh
- Ordläsaren: håll kvar fingret på ett ord och hör det läsas för sig
- 42 recitatörer, och för dem med ordtider lyser det reciterade ordet upp på sidan
- Tilawah: sura efter sura med skärmen släckt, med sovtimer och hastighetsreglage; den minns var du slutade och föreslår vad sunnan rekommenderar vid den tiden — al-Kahf på fredagen, al-Mulk på natten
- 13 översättningar och klassisk tafsir, sparade för läsning offline
- Memoreringsverktyg, bokmärken och khatmah-planer som följer sidan du är på

MINNS
- Över 100 duor ur Hisn al-Muslim, med translitterering och översättning
- En tasbihräknare för dhikren efter bönen och mer därtill
- Fasteregister för ramadan och sunnafastorna, med påminnelser
- Hijrikalendern med ramadan, eid och fredagsbönen, och dagens vers

DITT EGET
- Inga annonser, ingen analys, inga spårare, inget konto
- Fungerar offline när platsen är angiven och sidorna du vill ha finns på telefonen
- Synk mellan dina egna enheter utan konto och utan server av vår: förseglade filer i en mapp du redan synkar
- Säkerhetskopiering och återställning till en fil du själv behåller
- Android, iPhone, iPad och Mac, på 13 språk, med arabiska och urdu helt från höger till vänster
- Ljust, mörkt och helsvart, sex färgteman, din egen accentfärg och Material You

Nätet används bara när du väljer det: en källa för bönetider (AlAdhan, PrayTimes.dev eller de nationella tabellerna för Sverige och Marocko), platssökning via OpenStreetMap Nominatim, och nedladdning av Koranens sidor, översättningar, tafsir och recitationsljud. Dina koordinater stannar på din enhet.

Mihrab är öppen källkod under AGPL-3.0-or-later."
"tr-TR","Turkish","Mihrab: Müslümanın Yoldaşı","Namaz vakitleri, ezan, Kuran, dualar ve kıble; sakin ve gizliliğe saygılı.","Mihrab, bir Müslümanın gününe eşlik eden sakin bir yoldaştır: namazlar, Kuran ve aralarındaki zikir, gizliliğinize saygılı tek bir uygulamada.

Mushaftaki herhangi bir kelimeye basılı tutun ve yalnızca o kelimenin okunuşunu dinleyin. Okunan kelimeyi sayfada parlarken takip edin. Tecvidi renkli görün; Hafs ve Verş rivayetinde. Günlüğünüzü ve ayarlarınızı kendi cihazlarınız arasında eşit tutun; hesap yok, sunucu yok. Ve her satırı açık kaynaktır.

NAMAZ
- Bugünün, haftanın ve önümüzdeki ayın namaz vakitleri — telefonunuzda hesaplanır, bir sağlayıcıdan alınır ya da İsveç ve Fas'ın yayımlanmış resmî tablolarından gelir — görsel veya PDF olarak paylaşılabilir
- Her vakit için ezan: on yedi kayıt ya da kendi kaydınız, vakit öncesi hatırlatma ve erteleme
- Namaz süresince telefonu sessize alın; ses sonra kendiliğinden geri gelsin
- Kilit ekranında ve bildirim panelinde bir sonraki namaza sabitlenmiş geri sayım, üç tasarımla
- Sinyal gücünü gösteren ve güneşle karşılaştıran kıble pusulası
- Her namazı tek dokunuşla kaydedin; günlük geçmişi, seriyi ve grafiği tutar
- Ana ekran widget'ları: üç boyutta namaz vakitleri, günün kaydı, hicri tarih, seri, tesbih ve okuma

OKU VE DİNLE
- Kral Fahd Kompleksi'nin sayfa yazı tipleriyle metin olarak çizilen ve her boyutta net kalan Medine mushafı — yanında Verş, Kalun ve Şu'be
- Tecvid renkleri, her kural açıklamalı — Hafs ve Verş rivayetinde
- Kelime okuyucu: bir kelimeye basılı tutun, tek başına okunsun
- 42 kâri; kelime zamanlaması olanlarda okunan kelime sayfada yanar
- Tilavet: ekran kapalıyken sure sure dinleme, uyku zamanlayıcısı ve hız ayarıyla; kaldığınız yeri hatırlar ve o saatte sünnetin tavsiye ettiğini önerir: cuma günü Kehf, gece Mülk
- 13 meal ve klasik tefsirler, çevrimdışı da okunabilir
- Ezber araçları, yer imleri ve açık olduğunuz sayfayı izleyen hatim planları

ZİKİR
- Hısnü'l-Müslim'den 100'den fazla dua, okunuşu ve mealiyle
- Namaz sonrası ve her an için tesbih sayacı
- Ramazan ve sünnet oruçları için hatırlatmalı oruç takibi
- Ramazan, bayram ve cuma vurgulu hicri takvim ve günün ayeti

SİZİN
- Reklam yok, analitik yok, izleyici yok, hesap yok
- Konumunuz belirlendikten ve istediğiniz sayfalar telefona indikten sonra çevrimdışı çalışır
- Hesapsız ve bize ait hiçbir sunucu olmadan, kendi cihazlarınız arasında eşitleme: zaten eşitlediğiniz bir klasörde mühürlü dosyalar
- Sizde kalan bir dosyaya yedekleme ve geri yükleme
- Android, iPhone, iPad ve Mac'te, Arapça ve Urduca tamamen sağdan sola olmak üzere 13 dilde
- Açık, koyu ve saf siyah temalar, altı renk teması, kendi vurgu renginiz ve Material You

Ağ yalnızca siz seçtiğinizde kullanılır: bir vakit sağlayıcısı (AlAdhan, PrayTimes.dev ya da İsveç ve Fas'ın resmî tabloları), OpenStreetMap Nominatim ile yer arama ve Kuran sayfaları, mealler, tefsirler ile tilavet seslerinin indirilmesi. Koordinatlarınız cihazınızda kalır.

Mihrab, AGPL-3.0-or-later lisansıyla açık kaynaktır."
"ur","Urdu","محراب: مسلمان کا رفیق","نماز کے اوقات، اذان، قرآن، دعائیں اور قبلہ — ایک پُرسکون، نجی ایپ میں۔","محراب ایک مسلمان کے دن کا پُرسکون رفیق ہے: نمازیں، قرآن اور ان کے درمیان کا ذکر — ایک ہی نجی ایپ میں۔

مصحف میں کسی بھی لفظ کو دبائے رکھیں اور صرف اسی لفظ کی تلاوت سنیں۔ پڑھا جانے والا لفظ صفحے پر روشن ہوتا ہے، تاکہ آپ ساتھ ساتھ چل سکیں۔ تجوید کو رنگوں میں دیکھیں، حفص اور ورش دونوں میں۔ اپنی ڈائری اور ترتیبات کو اپنے ہی آلات کے درمیان ہم آہنگ رکھیں — بغیر اکاؤنٹ اور بغیر سرور کے۔ اور اس کی ہر سطر اوپن سورس ہے۔

نماز
- آج، اس ہفتے اور آنے والے مہینے کے نماز کے اوقات — فون پر حساب، کسی فراہم کنندہ سے، یا سویڈن اور مراکش کے شائع شدہ قومی جدولوں سے — تصویر یا PDF کے طور پر شیئر کریں
- ہر نماز کے لیے اذان: سترہ ریکارڈنگز یا آپ کی اپنی، پہلے سے یاد دہانی اور اسنوز
- نماز کے دوران فون کو خاموش کریں، پھر آواز خود ہی لوٹ آئے
- اگلی نماز تک پن کی ہوئی الٹی گنتی، لاک اسکرین اور نوٹیفکیشن پینل میں، تین ڈیزائنوں میں
- سگنل کی طاقت اور سورج سے موازنے کے ساتھ قبلہ نما
- ہر نماز ایک ٹیپ میں درج کریں؛ ڈائری ریکارڈ، تسلسل اور گراف رکھتی ہے
- ہوم اسکرین وجٹس: تین سائز میں نماز کے اوقات، آج کا ریکارڈ، ہجری تاریخ، تسلسل، تسبیح اور تلاوت

پڑھیں اور سنیں
- مدینہ مصحف، شاہ فہد کمپلیکس کے صفحاتی فونٹس سے متن کے طور پر بنایا گیا اور ہر سائز میں واضح — ساتھ میں ورش، قالون اور شعبہ
- تجوید کے رنگ، ہر قاعدے کی وضاحت کے ساتھ — حفص اور ورش میں
- لفظ خواں: کسی لفظ کو دبائے رکھیں اور اسے الگ سے سنیں
- 42 قاری؛ جن کے لفظ بہ لفظ اوقات موجود ہیں، ان میں پڑھا جانے والا لفظ صفحے پر روشن ہوتا ہے
- تلاوت: اسکرین بند ہونے پر بھی سورت کے بعد سورت، سلیپ ٹائمر اور رفتار کنٹرول کے ساتھ؛ یہ آپ کی جگہ یاد رکھتی ہے اور بتاتی ہے کہ اس وقت سنت کیا پڑھنے کی ترغیب دیتی ہے — جمعہ کو سورۂ کہف، رات کو سورۂ ملک
- 13 تراجم اور کلاسیکی تفاسیر، آف لائن بھی
- حفظ کے اوزار، بک مارکس اور ختم کے منصوبے جو آپ کے کھلے صفحے کے ساتھ چلتے ہیں

ذکر
- حصن المسلم سے 100 سے زیادہ دعائیں، تلفظ اور ترجمے کے ساتھ
- نماز کے بعد اور ہر وقت کے ذکر کے لیے تسبیح کاؤنٹر
- رمضان اور سنت روزوں کے لیے یاد دہانیوں کے ساتھ روزوں کا ریکارڈ
- رمضان، عید اور جمعہ کے ساتھ ہجری کیلنڈر، اور آج کی آیت

آپ کا اپنا
- نہ اشتہار، نہ اینالیٹکس، نہ ٹریکر، نہ اکاؤنٹ
- مقام طے ہونے اور مطلوبہ صفحات فون پر آ جانے کے بعد آف لائن کام کرتی ہے
- بغیر اکاؤنٹ اور ہمارے کسی سرور کے بغیر، آپ کے اپنے آلات کے درمیان ہم آہنگی: اس فولڈر میں سیل بند فائلیں جسے آپ پہلے سے ہم آہنگ رکھتے ہیں
- اپنی رکھی ہوئی فائل میں بیک اپ اور بحالی
- اینڈرائیڈ، آئی فون، آئی پیڈ اور میک پر، 13 زبانوں میں، عربی اور اردو مکمل طور پر دائیں سے بائیں
- ہلکی، گہری اور خالص سیاہ تھیمز، چھ رنگین تھیمز، آپ کا اپنا نمایاں رنگ اور Material You

نیٹ ورک صرف تب استعمال ہوتا ہے جب آپ چاہیں: نماز کے اوقات کا فراہم کنندہ (AlAdhan، PrayTimes.dev، یا سویڈن اور مراکش کے قومی جدول)، OpenStreetMap Nominatim کے ذریعے جگہ کی تلاش، اور قرآن کے صفحات، تراجم، تفاسیر اور تلاوت کی آڈیو ڈاؤن لوڈ کرنا۔ آپ کے نقاط آپ کے آلے پر ہی رہتے ہیں۔

محراب AGPL-3.0-or-later کے تحت اوپن سورس ہے۔"
"zh-CN","Chinese (Simplified)","Mihrab：穆斯林的日常伴侣","礼拜时间、宣礼、古兰经、祈祷词与朝向，尽在一款安静、私密的应用。","Mihrab 是穆斯林一天中安静的伴侣：礼拜、古兰经，以及其间的记主赞念，尽在一款注重隐私的应用中。

长按经文中的任意一个词，即可单独听到这个词的诵读。诵读时，被读到的词会在页面上亮起，方便跟随。以彩色查看泰吉威德（诵读规则），支持哈夫斯与沃尔什传述。在你自己的设备之间同步日志与设置，无需账户，也不经过服务器。而且每一行代码都是开源的。

礼拜
- 今天、本周及未来一个月的礼拜时间——可在手机上计算、来自服务提供方，或取自瑞典与摩洛哥官方公布的国家时间表——可分享为图片或 PDF
- 每次礼拜的宣礼：十七种录音或你自己的录音，礼拜前提醒，以及稍后提醒
- 礼拜期间让手机静音，之后自动恢复
- 锁屏与通知栏中固定显示的下一次礼拜倒计时，三种样式
- 朝向（吉卜拉）指南针，显示信号强度，并可对照太阳校验
- 一点即可记录每次礼拜；日志保存记录、连续天数与图表
- 桌面小组件：三种尺寸的礼拜时间、今日记录、伊斯兰历日期、连续天数、念珠计数与阅读

阅读与聆听
- 麦地那版经文，依据法赫德国王古兰经印刷厂的页面字体以文字呈现，任意大小都清晰——另有沃尔什、格鲁恩与舒阿拜传述
- 泰吉威德颜色，每条规则均有说明——支持哈夫斯与沃尔什
- 逐词朗读：长按一个词，单独聆听它的诵读
- 42 位诵读者；对于有逐词时间标记的诵读，被读到的词会在页面上亮起
- 连续诵读：熄屏后逐章播放，带睡眠定时与语速调节；会记住你的进度，并按时辰推荐圣行所提倡的章节——周五读山洞章，夜里读国权章
- 13 种译本与经典经注，可离线阅读
- 背诵工具、书签，以及跟随当前页面的通读（Khatmah）计划

记念
- 来自《穆斯林堡垒》的 100 多条祈祷词，附音译与译文
- 用于礼拜后及日常赞念的念珠计数器
- 斋月与圣行斋戒的斋戒记录，并附提醒
- 伊斯兰历，标注斋月、开斋节与主麻日，另有每日经文

属于你
- 无广告、无分析、无跟踪器、无需账户
- 设定位置并下载所需页面后即可离线使用
- 在你自己的设备之间同步，无需账户，不经过我们的任何服务器：密封文件存放在你本就在同步的文件夹中
- 备份与恢复到你自己保存的文件
- Android、iPhone、iPad 与 Mac，13 种语言，阿拉伯语与乌尔都语完整从右至左显示
- 浅色、深色与纯黑主题，六种配色主题，自选强调色，以及 Material You

只有在你选择时才会使用网络：礼拜时间服务（AlAdhan、PrayTimes.dev，或瑞典与摩洛哥的国家时间表）、通过 OpenStreetMap Nominatim 搜索地点，以及下载古兰经页面、译本、经注与诵读音频。你的坐标只保存在你的设备上。

Mihrab 以 AGPL-3.0-or-later 许可开源。"
